{
  "strict_single_model": true,
  "no_ensemble": true,
  "config": {
    "kind": "dense_light",
    "lr": 0.0003,
    "loss": "weighted_mse",
    "scaling": "standard",
    "seed": 136,
    "weights": [
      1.0,
      1.0,
      1.0,
      4.0
    ],
    "epochs": 110,
    "batch_size": 64
  },
  "network_structure": "Flatten-Dense128-Dropout-Dense64-Dropout-Dense32-Dense4",
  "actual_epochs": 110,
  "mae": 0.2599516289439052,
  "rmse": 0.3869309612057841,
  "mape": 0.121187747657035,
  "component_mae": {
    "Glucose": 0.0842465751171112,
    "Urea": 0.3612907029390335,
    "Cholesterol": 0.1794469449520111,
    "APAP": 0.41482229276746513
  },
  "mean_abs_error_by_component": {
    "Glucose": 0.05748891830444336,
    "Urea": 0.30523741245269775,
    "Cholesterol": 0.14539885520935059,
    "APAP": 0.04677656292915344
  },
  "true_means": {
    "11": {
      "Glucose": 4.940000057220459,
      "Urea": 4.099999904632568,
      "Cholesterol": 4.610000133514404,
      "APAP": 0.75
    },
    "14": {
      "Glucose": 4.840000152587891,
      "Urea": 3.700000047683716,
      "Cholesterol": 5.03000020980835,
      "APAP": 1.6150000095367432
    }
  },
  "pred_means": {
    "11": {
      "Glucose": 5.0204925537109375,
      "Urea": 4.20723295211792,
      "Cholesterol": 4.758320331573486,
      "APAP": 0.816750705242157
    },
    "14": {
      "Glucose": 4.805514812469482,
      "Urea": 4.20324182510376,
      "Cholesterol": 4.8875226974487305,
      "APAP": 1.5881975889205933
    }
  },
  "first3_trend_report": {
    "11": {
      "true_order": [
        "Glucose",
        "Cholesterol",
        "Urea"
      ],
      "pred_order": [
        "Glucose",
        "Cholesterol",
        "Urea"
      ],
      "matched": true
    },
    "14": {
      "true_order": [
        "Cholesterol",
        "Glucose",
        "Urea"
      ],
      "pred_order": [
        "Cholesterol",
        "Glucose",
        "Urea"
      ],
      "matched": true
    }
  },
  "r2s": [
    -4.733404849312558,
    -3.1918334513108944,
    -0.1359025961692537,
    -0.9607056234353029
  ]
}
