{
  "config": {
    "kind": "dense_light",
    "lr": 0.0003,
    "loss": "weighted_mse",
    "scaling": "standard",
    "seed": 136,
    "weights": [
      1.0,
      1.0,
      1.0,
      4.0
    ],
    "epochs": 110,
    "batch_size": 64
  },
  "input_scaler_mean": [
    0.1600787014164962,
    0.1873880309453234,
    0.16701684632431715,
    0.1788940497599542,
    0.13799665345810352,
    0.11746111518982798,
    0.10922922567930073,
    0.11150853162677958,
    0.09198982687597163
  ],
  "input_scaler_scale": [
    0.03967347125673005,
    0.02571031543690309,
    0.016563225016047185,
    0.02013974191598055,
    0.01951991575182177,
    0.02223438019682655,
    0.02069256878244951,
    0.01559668736383124,
    0.012846553449775592
  ],
  "target_min": [
    4.400000095367432,
    2.799999952316284,
    3.309999942779541,
    0.028999999165534973
  ],
  "target_max": [
    6.059999942779541,
    6.5,
    5.590000152587891,
    6.461999893188477
  ],
  "components": [
    "Glucose",
    "Urea",
    "Cholesterol",
    "APAP"
  ]
}
