{
  "input_scaler": {
    "type": "StandardScaler",
    "mean": [
      0.1601303843218833,
      0.18741000017151235,
      0.16706109790429474,
      0.17890873857960105,
      0.1380102841824293,
      0.11747655873782933,
      0.10925839895196258,
      0.11153047689087689,
      0.09200351594612002
    ],
    "scale": [
      0.039654662252371436,
      0.02570305507986653,
      0.01656869232440287,
      0.020150264795401548,
      0.019506216643263446,
      0.022229287166026863,
      0.020684627965413517,
      0.015578933082832017,
      0.012837747716900199
    ],
    "var": [
      0.0015724922383496519,
      0.0006606470404386525,
      0.0002745215653407265,
      0.000406033171324799,
      0.0003804924877339278,
      0.0004941412079096866,
      0.0004278538340675669,
      0.0002427031559993579,
      0.00016480776644277627
    ],
    "n_features": 9
  },
  "target_scaler": {
    "type": "MinMaxScaler",
    "data_min": [
      4.400000095367432,
      2.799999952316284,
      3.309999942779541,
      0.028999999165534973
    ],
    "data_max": [
      6.059999942779541,
      6.5,
      5.590000152587891,
      6.461999893188477
    ],
    "feature_range": [
      0,
      1
    ],
    "components": [
      "Glucose",
      "Urea",
      "Cholesterol",
      "APAP"
    ]
  },
  "partition_3": [
    "11",
    "14"
  ]
}
